Article,Prix
Bundle ST23-28 – Starter Decks – One Piece TCG,"Sale price
$132.00"
ST22 Ace & Newgate – Starter Deck – One Piece Card Game (ENG),"Sale price
$24.00"
Premium Card Collection - BANDAI CARD GAMES Fest 23-24 Edition - One Piece Card Game,"Sale price
$54.00"
ST25 Blue Buggy – Starter Deck – One Piece TCG,"Sale price
$22.00
Regular price
$24.00"
ST28 Yellow Green Yamato – Starter Deck – One Piece TCG,"Sale price
$22.00
Regular price
$24.00"
Official Playmat Limited Edition Vol.1 - One Piece Card Game,"Sale price
$48.00"
Playmat & Storage Box - Monkey D. Luffy - One Piece Card Game,"Sale price
$78.00"
Playmat & Storage Box - Yamato - One Piece Card Game,"Sale price
$78.00"
Premium Card Collection Best Selection Vol.3 One Piece TCG (ENG),"Sale price
$54.00"
Sound Louder Vol.2 - Enel - One Piece Card Game,"Sale price
$66.00"
Sound Louder Vol.1 - Monkey D. Luffy - One Piece Card Game,"Sale price
$72.00"
Monkey D. Luffy Gear 5 Last One Ichiban Kuji New Four Emperors One Piece,"Sale price
$132.00
Regular price
$144.00"
Monkey D. Luffy Gear 5 Ichiban Kuji New Four Emperors One Piece,"Sale price
$108.00"
Yamato - OP01-121 - SEC Parallel,"Sale price
$96.00"
"Eustass ""Captain"" Kid - OP05-074 - SR Parallel","Sale price
$59.00"
Boa Hancock - OP07-038 - Leader - Parallel,"Sale price
$144.00"
Charlotte Linlin - OP03-114 - SR Parallel,"Sale price
$84.00"
Charlotte Pudding - OP03-112 - R Parallel,"Sale price
$150.00"
Perona - OP06-0093 - SR Alternate Art,"Sale price
$40.00"
O-Nami - OP06-101 - R Alternate Art,"Sale price
$42.00"
Jewelry Bonnie - OP07-019 - L Parallel,"Sale price
$59.00"
Donquixote Doflamingo - OP01-073 - R Parallel,"Sale price
$64.00"
Standard Valentines 2024 (100 Sleeves) Dragon Shield,"Sale price
$18.00"
Standard Alaria Constellations (100 Packets) Dragon Shield,"Sale price
$18.00"
